{"cameraMode":{"drawMode":0,"name":"Shaded","section":"Shading Mode"},"sceneLighting":true,"audioPlay":false,"sceneViewState":{"showFog":true,"showMaterialUpdate":false,"showSkybox":true,"showFlares":true,"showImageEffects":true,"showParticleSystems":true},"in2DMode":false,"pivot":{"x":3.137451171875,"y":4.039306640625,"z":-7.130859375},"rotation":{"x":-0.0015125281643122435,"y":-0.9980682134628296,"z":0.026954276487231256,"w":-0.05605272948741913},"size":13.203804969787598,"orthographic":true}