{"cameraMode":{"drawMode":0,"name":"Shaded","section":"Shading Mode"},"sceneLighting":true,"audioPlay":false,"sceneViewState":{"showFog":true,"showMaterialUpdate":false,"showSkybox":true,"showFlares":true,"showImageEffects":true,"showParticleSystems":true},"in2DMode":false,"pivot":{"x":-6.83380126953125,"y":3.8154296875,"z":4.00390625},"rotation":{"x":0.08836505562067032,"y":0.0209162887185812,"z":-0.0018559414893388749,"w":0.9958675503730774},"size":27.623397827148439,"orthographic":true}